Produkt,Kategori,Total kg CO2e/kg,Landbrug,ILUC,Forarbejdning,Emballage,Transport,Detail
Peberfrugt,Grøntsager og grøntsagsprodukter,0.96,0.44,0.09,0.00,0.14,0.28,0.01
Tomat,Grøntsager og grøntsagsprodukter,0.46,0.18,0.02,0.00,0.14,0.11,0.01
Squash,Grøntsager og grøntsagsprodukter,0.73,0.31,0.11,0.00,0.06,0.25,0.01
Aubergine,Grøntsager og grøntsagsProdukt,0.87,0.37,0.06,0.00,0.14,0.30,0.01
Tomat. soltørret,Grøntsager og grøntsagsprodukter,2.33,1.50,0.25,0.00,0.26,0.32,0.01
Græskar,Grøntsager og grøntsagsprodukter,0.73,0.31,0.11,0.00,0.06,0.25,0.01
Agurk,Grøntsager og grøntsagsprodukter,0.37,0.13,0.02,0.00,0.14,0.08,0.01
Drueagurk (sylteagurk),Grøntsager og grøntsagsprodukter,0.37,0.13,0.02,0.00,0.14,0.08,0.01
Peber. chili,Grøntsager og grøntsagsprodukter,0.96,0.44,0.09,0.00,0.14,0.28,0.01
Oksekød. inderlår uden kappe,Kød og fjerkræ,55.31,45.47,10.31,-2.40,0.14,1.80,0.00
Oksekød. mørbrad. afpudset,Kød og fjerkræ,185.76,153.03,34.68,-8.08,0.14,5.99,0.00
Oksekød. hakket. 10-15% fedt,Kød og fjerkræ,39.09,32.77,7.40,-2.50,0.14,1.28,0.00
Oksekød. culotte,Kød og fjerkræ,55.31,45.47,10.31,-2.40,0.14,1.80,0.00
Oksekød. hakket. 15-20% fedt,Kød og fjerkræ,37.03,30.85,6.97,-2.14,0.14,1.21,0.00
Oksekød. tyndsteg med mørbrad,Kød og fjerkræ,98.53,81.10,18.38,-4.28,0.14,3.19,0.00
Oksekød. hakket. 5-10% fedt,Kød og fjerkræ,41.15,34.70,7.82,-2.86,0.14,1.35,0.00
Øl. pilsner. 4.4 % vol.. dåse,Vin. øl og spiritus,0.65,0.10,0.09,0.25,0.17,0.03,0.01
Øl. letøl. 1.7 % vol.. dåse,Vin. øl og spiritus,0.65,0.10,0.09,0.25,0.17,0.03,0.01
Øl. stærk. 7.6 % vol.. dåse,Vin. øl og spiritus,0.65,0.10,0.09,0.25,0.17,0.03,0.01
Kiks. Marie,Brød og bageartikler,2.87,0.61,0.21,1.19,0.67,0.18,0.01
Kiks. fuldkorns-. digestivetype,Brød og bageartikler,2.81,0.54,0.21,1.21,0.67,0.18,0.01
Småkage. hvede. traditionelle danske. industrifremstillet,Brød og bageartikler,3.17,0.72,0.23,1.37,0.67,0.17,0.01
Småkage. cookie (amerikansk type). industrifremstillet,Brød og bageartikler,2.81,0.54,0.21,1.21,0.67,0.18,0.01
Müslibar,Korn og kornprodukter,4.08,1.57,1.24,0.30,0.67,0.29,0.01
Vaffelrør,Brød og bageartikler,2.53,1.29,0.49,0.19,0.22,0.34,0.01
Rasp,Brød og bageartikler,1.50,0.82,0.28,0.26,0.04,0.09,0.01
Knækbrød. rug. groft,Brød og bageartikler,1.30,0.59,0.30,0.28,0.04,0.09,0.01
Hvedebrød. toastbrød. fint. industrifremstillet,Brød og bageartikler,0.94,0.54,0.19,0.10,0.04,0.07,0.01
Pølsebrød,Brød og bageartikler,0.94,0.54,0.19,0.10,0.04,0.07,0.01
Grovbolle,Brød og bageartikler,0.94,0.54,0.19,0.10,0.04,0.07,0.01
Rugbrød. fuldkorn. industrifremstillet,Brød og bageartikler,0.81,0.39,0.20,0.11,0.04,0.06,0.01
Rugbrødskrymmel/ymerdrys,Brød og bageartikler,1.87,0.93,0.25,0.40,0.04,0.24,0.01
Cornflakes,Korn og kornprodukter,2.00,0.76,0.27,0.26,0.58,0.13,0.01
Müsli,Korn og kornprodukter,1.97,0.83,0.34,0.14,0.58,0.07,0.01
Morgenmadsprodukt. Guldkorn,Korn og kornprodukter,2.41,0.87,0.24,0.52,0.58,0.20,0.01
Morgenmadsprodukt. Havrefras,Korn og kornprodukter,1.88,0.58,0.26,0.36,0.58,0.10,0.01
Smør. saltet,Mælk. mejeriprodukter og æg,3.86,0.07,0.17,3.32,0.24,0.05,0.00
Smørbart blandingsprodukt. 75% fedt,Mælk. mejeriprodukter og æg,3.73,0.03,0.19,3.12,0.24,0.14,0.00
Skærekage. chokoladekage,Brød og bageartikler,2.29,0.57,0.22,0.89,0.41,0.20,0.00
Wienerbrød. kanelsnegl,Brød og bageartikler,1.88,0.54,0.17,1.02,0.04,0.11,0.01
Skærekage. formkage,Brød og bageartikler,2.29,0.57,0.22,0.89,0.41,0.20,0.00
Flødeskumskage. lagkagesnitte,Brød og bageartikler,2.29,0.57,0.22,0.89,0.41,0.20,0.00
Kage. trøffelprodukt / koldprodukt. industrifremstillet,Brød og bageartikler,3.25,0.89,0.95,0.74,0.47,0.20,0.01
Grisekød. bacon. stegestykke,Kød og fjerkræ,6.43,3.61,2.16,-0.31,0.14,0.83,0.00
Grisekød. spegepølse. salami,Kød og fjerkræ,5.90,2.51,1.55,1.23,0.02,0.58,0.01
Grisekød. skinke. kogt. pålæg,Kød og fjerkræ,4.28,2.32,1.38,0.01,0.02,0.54,0.00
Oksekød. roastbeef. pålæg,Kød og fjerkræ,55.40,45.47,10.31,-2.18,0.02,1.79,0.00
Grisekød. medisterpølse,Kød og fjerkræ,2.73,1.48,0.86,-0.10,0.14,0.35,0.00
Grisekød. leverpostej,Kød og fjerkræ,3.97,1.54,0.92,-0.05,1.18,0.37,0.00
Grisekød. rullepølse. pålæg,Kød og fjerkræ,4.28,2.32,1.38,0.01,0.02,0.54,0.00
Grisekød. pølse bratwurst,Kød og fjerkræ,2.13,1.09,0.64,0.11,0.02,0.26,0.00
Kylling. bryst (filet). kogt. pålæg,Kød og fjerkræ,4.76,2.22,1.59,0.16,0.02,0.77,0.00
Kylling. ben. kød og skind,Kød og fjerkræ,1.97,0.89,0.64,-0.02,0.14,0.32,0.00
Kylling. lår. kød og skind,Kød og fjerkræ,1.87,0.84,0.61,-0.02,0.14,0.31,0.00
Kylling. bryst. kød og skind,Kød og fjerkræ,5.18,2.47,1.78,-0.06,0.14,0.86,0.00
Kylling. pølse. pålæg,Kød og fjerkræ,1.89,0.82,0.57,0.19,0.02,0.28,0.00
Kylling. høne. kød og skind,Kød og fjerkræ,3.26,1.52,1.10,-0.03,0.14,0.54,0.00
Te. blade,Drikkevarer,13.81,4.99,4.40,1.47,1.94,1.02,0.01
Kaffe. instant. pulver,Drikkevarer,14.59,4.36,4.02,2.43,3.21,0.57,0.01
Kaffe. bønner. ristet. formalet,Drikkevarer,5.41,2.42,2.21,0.21,0.24,0.32,0.01
Kakao. instant. uden mælk. pulver,Drikkevarer,12.44,4.53,8.52,-5.50,4.32,0.56,0.01
Kakao. pulver,Drikkevarer,12.44,4.53,8.52,-5.50,4.32,0.56,0.01
Lammekød. rullepølse. lammekød. pålæg,Kød og fjerkræ,28.53,25.17,7.03,-4.38,0.02,0.68,0.00
Oksekød. spegepølse,Kød og fjerkræ,40.54,32.12,7.36,-0.26,0.02,1.28,0.01
Grisekød. hamburgerryg. kogt,Kød og fjerkræ,4.28,2.32,1.38,0.01,0.02,0.54,0.00
Dressing. olie-eddike,Smagsgivere og krydderier,3.83,0.15,0.21,3.02,0.42,0.03,0.01
Dressing. thousand island,Smagsgivere og krydderier,3.51,0.27,0.43,2.22,0.42,0.16,0.01
Vand. postevand,Drikkevarer,0.00,0.00,0.00,0.00,0.00,0.00,0.00
And. kød,Kød og fjerkræ,3.26,1.52,1.10,-0.03,0.14,0.53,0.00
Gås. kød,Kød og fjerkræ,3.26,1.52,1.10,-0.03,0.14,0.53,0.00
Makrelsalat. mayonnaise,Smagsgivere og krydderier,2.71,0.19,0.29,1.95,0.24,0.04,0.00
Sennep dild sauce,Smagsgivere og krydderier,1.94,0.31,0.21,0.65,0.64,0.13,0.00
Italiensk salat. mayonnaise,Smagsgivere og krydderier,3.48,0.12,0.29,2.04,0.64,0.38,0.01
Karrysalat. mayonnaise,Smagsgivere og krydderier,3.48,0.12,0.29,2.04,0.64,0.38,0.01
Yoghurt naturel. sødmælk,Mælk. mejeriprodukter og æg,0.89,0.31,0.08,0.17,0.26,0.08,0.00
Creme fraiche 18 %,Mælk. mejeriprodukter og æg,1.85,0.23,0.11,1.19,0.26,0.06,0.00
Skyr. 0.2 % fedt,Mælk. mejeriprodukter og æg,1.32,0.67,0.16,0.09,0.26,0.14,0.00
Danbo ost. 45+,Mælk. mejeriprodukter og æg,6.63,2.87,0.61,2.28,0.35,0.53,0.00
Parmesan ost. 32+,Mælk. mejeriprodukter og æg,6.63,2.87,0.61,2.28,0.35,0.53,0.00
Mozzarella ost. 30+,Mælk. mejeriprodukter og æg,6.63,2.87,0.61,2.28,0.35,0.53,0.00
Sild. marineret,Fisk og skaldyr,6.04,0.74,1.01,2.61,1.56,0.13,0.00
Fiskeboller. konserves,Fisk og skaldyr,2.65,0.11,0.44,1.42,0.63,0.04,0.01
Fiskefars,Fisk og skaldyr,3.51,0.16,0.68,1.98,0.64,0.05,0.00
Torsk. lever. konserves,Fisk og skaldyr,10.39,0.00,0.96,2.66,6.74,0.02,0.01
Torskerogn. konserves,Fisk og skaldyr,5.03,0.00,0.78,2.66,1.56,0.02,0.01
Rejer. konserves,Fisk og skaldyr,10.11,1.58,2.44,4.32,1.56,0.21,0.01
Torsk. filet. paneret,Fisk og skaldyr,2.80,0.25,0.56,1.68,0.26,0.05,0.00
Kaviar. stenbiderrogn,Fisk og skaldyr,4.95,0.00,0.79,2.66,1.47,0.02,0.01
Fiskefrikadelle,Fisk og skaldyr,4.29,0.22,0.89,2.49,0.64,0.05,0.00
Torskelever. røget,Fisk og skaldyr,4.57,0.00,0.98,3.42,0.14,0.02,0.00
Torskelever,Fisk og skaldyr,3.59,0.00,0.77,2.66,0.14,0.02,0.00
Hummer. konserves,Fisk og skaldyr,6.87,1.31,2.07,1.74,1.56,0.18,0.01
Musling. konserves,Fisk og skaldyr,1.69,0.00,0.02,0.08,1.56,0.02,0.01
Tun i tomat. konserves,Fisk og skaldyr,4.92,0.24,0.59,2.87,1.18,0.03,0.01
Torskerogn,Fisk og skaldyr,4.94,0.00,0.79,2.66,1.47,0.02,0.00
Krabbekløer,Fisk og skaldyr,10.92,0.74,1.54,8.53,0.08,0.03,0.00
Kaviar. lodderogn,Fisk og skaldyr,4.94,0.00,0.79,2.66,1.47,0.02,0.00
Tun i vand. konserves,Fisk og skaldyr,4.50,0.00,0.55,2.74,1.18,0.02,0.01
Hellefisk. røget,Fisk og skaldyr,3.81,0.27,1.09,2.27,0.14,0.03,0.00
Fiskefilet. paneret. friturestegt,Fisk og skaldyr,3.19,0.28,0.64,1.96,0.26,0.05,0.00
Fiskepinde. panerede. dybfrost,Fisk og skaldyr,2.77,0.25,0.59,1.62,0.24,0.05,0.02
Rugmel. groft. fuldkorn,Korn og kornprodukter,1.01,0.43,0.27,0.03,0.20,0.07,0.01
Hvedemel. grahamsmel. fuldkorn,Korn og kornprodukter,1.06,0.53,0.22,0.03,0.20,0.06,0.01
Rugkerner. hele/knækkede,Korn og kornprodukter,1.01,0.43,0.27,0.03,0.20,0.07,0.01
Hvedekerner. hele/knækkede,Korn og kornprodukter,1.06,0.53,0.22,0.03,0.20,0.06,0.01
Rismel,Korn og kornprodukter,4.74,3.64,0.55,-0.02,0.20,0.38,0.01
Majsmel,Korn og kornprodukter,1.19,0.73,0.23,-0.08,0.20,0.10,0.01
Æg. skrabeæg,Mælk. mejeriprodukter og æg,0.98,0.32,0.27,0.00,0.24,0.15,0.01
Knude,Fisk og skaldyr,7.10,1.98,2.40,2.54,0.14,0.04,0.00
Aborre,Fisk og skaldyr,4.34,1.91,0.83,1.42,0.14,0.03,0.00
Sandart,Fisk og skaldyr,3.84,1.86,1.13,0.68,0.14,0.03,0.00
Gedde,Fisk og skaldyr,3.84,1.86,1.13,0.68,0.14,0.03,0.00
Brasen,Fisk og skaldyr,7.48,2.44,2.02,2.69,0.14,0.19,0.00
Bækforel,Fisk og skaldyr,6.90,1.98,2.40,2.34,0.14,0.04,0.00
Havørred,Fisk og skaldyr,2.11,0.28,0.97,0.70,0.14,0.03,0.00
Helt,Fisk og skaldyr,7.10,1.98,2.40,2.54,0.14,0.04,0.00
Frugtsaft. blandet. sødet. koncentreret. plastflaske,Drikkevarer,2.34,1.06,0.15,0.23,0.31,0.59,0.01
Hyldebærsaft. koncentreret. plastflaske,Drikkevarer,3.44,1.71,0.84,0.23,0.31,0.34,0.01
Oliven. grønne. marinerede. konserves,Grøntsager og grøntsagsprodukter,1.84,0.56,0.38,0.21,0.51,0.17,0.01
Pære. konserves,Frugt og frugtprodukter,0.90,0.26,0.11,0.20,0.22,0.09,0.01
Nøddepasta med cacao. smørepålæg,Planteprodukter og -drikke,4.83,1.49,1.27,1.26,0.42,0.39,0.01
Appelsinjuice. plastflaske,Drikkevarer,1.41,0.53,0.12,0.08,0.31,0.37,0.01
Ananas. konserves,Frugt og frugtprodukter,1.10,0.21,0.07,0.22,0.22,0.37,0.01
Jordbærsyltetøj,Frugt og frugtprodukter,2.02,0.84,0.12,0.43,0.32,0.30,0.01
Rosiner. uden kerner,Frugt og frugtprodukter,3.16,1.62,0.54,0.41,0.26,0.32,0.01
Hindbærmarmelade,Frugt og frugtprodukter,2.02,0.84,0.12,0.43,0.32,0.30,0.01
Hare. kød,Kød og fjerkræ,3.26,1.52,1.10,-0.03,0.14,0.53,0.00
Kanin. kød,Kød og fjerkræ,3.26,1.52,1.10,-0.03,0.14,0.53,0.00
Fasan. kød og skind,Kød og fjerkræ,3.26,1.52,1.10,-0.03,0.14,0.53,0.00
Due. vildt. kød og skind,Kød og fjerkræ,3.26,1.52,1.10,-0.03,0.14,0.53,0.00
Byggryn,Korn og kornprodukter,1.35,0.77,0.35,-0.08,0.20,0.10,0.01
Havregryn. ikke beriget,Korn og kornprodukter,1.48,0.84,0.40,-0.08,0.20,0.10,0.01
Risengryn. grødris. polerede,Korn og kornprodukter,4.72,3.64,0.55,-0.05,0.20,0.38,0.01
Persille,Grøntsager og grøntsagsprodukter,0.40,0.15,0.08,0.00,0.14,0.03,0.01
Dild,Grøntsager og grøntsagsprodukter,0.40,0.15,0.08,0.00,0.14,0.03,0.01
Hvidløg,Grøntsager og grøntsagsprodukter,1.13,0.67,0.14,0.00,0.06,0.25,0.01
Purløg,Grøntsager og grøntsagsprodukter,0.37,0.17,0.10,0.00,0.06,0.03,0.01
Karse,Grøntsager og grøntsagsprodukter,0.40,0.15,0.08,0.00,0.14,0.03,0.01
Oliven. sorte. uden sten. i saltlage,Grøntsager og grøntsagsprodukter,1.84,0.56,0.38,0.21,0.51,0.17,0.01
Hasselnød. tørret,Nødder og frø,6.04,1.81,3.54,0.00,0.26,0.42,0.01
Solsikkefrø. afskallede. tørrede,Nødder og frø,2.61,0.95,1.10,0.00,0.26,0.28,0.01
Sesamfrø. afskallede,Nødder og frø,5.14,1.55,2.94,0.07,0.26,0.31,0.01
Valnødder. tørret,Nødder og frø,4.83,2.78,1.49,0.00,0.26,0.30,0.01
Cashewnødder. tørristet,Nødder og frø,9.94,3.32,7.12,-1.60,0.26,0.83,0.01
Græskarkerner. tørret,Nødder og frø,4.83,2.78,1.49,0.00,0.26,0.30,0.01
Honning,Smagsgivere og krydderier,0.79,0.13,0.04,0.14,0.41,0.07,0.01
Mælkeis,Mælk. mejeriprodukter og æg,2.91,0.61,0.31,1.29,0.51,0.16,0.02
Flødeis,Mælk. mejeriprodukter og æg,2.91,0.61,0.31,1.29,0.51,0.16,0.02
Ispind. limonade,Frugt og frugtprodukter,1.20,0.25,0.05,0.26,0.51,0.11,0.02
Eddike,Smagsgivere og krydderier,1.46,0.44,0.17,0.40,0.41,0.03,0.01
Salt. bordsalt (jodberiget),Smagsgivere og krydderier,0.44,0.00,0.03,0.21,0.20,0.00,0.01
Rabarber,Grøntsager og grøntsagsprodukter,0.33,0.15,0.08,0.00,0.06,0.03,0.01
Bladselleri,Grøntsager og grøntsagsprodukter,0.33,0.15,0.08,0.00,0.06,0.03,0.01
Blomkål,Grøntsager og grøntsagsprodukter,0.56,0.27,0.11,0.00,0.06,0.10,0.01
Broccoli,Grøntsager og grøntsagsprodukter,0.56,0.27,0.11,0.00,0.06,0.10,0.01
Grønkål,Grøntsager og grøntsagsprodukter,0.26,0.10,0.06,0.00,0.06,0.03,0.01
Hvidkål,Grøntsager og grøntsagsprodukter,0.26,0.10,0.06,0.00,0.06,0.03,0.01
Rosenkål,Grøntsager og grøntsagsprodukter,0.26,0.10,0.06,0.00,0.06,0.03,0.01
Rødkål,Grøntsager og grøntsagsprodukter,0.26,0.10,0.06,0.00,0.06,0.03,0.01
Spidskål,Grøntsager og grøntsagsprodukter,0.26,0.10,0.06,0.00,0.06,0.03,0.01
Spinat,Grøntsager og grøntsagsprodukter,0.43,0.21,0.08,0.00,0.06,0.07,0.01
Artiskok,Grøntsager og grøntsagsprodukter,0.84,0.46,0.12,0.00,0.06,0.19,0.01
Asparges. grøn,Grøntsager og grøntsagsprodukter,0.90,0.46,0.26,0.00,0.06,0.11,0.01
Salat. Iceberg,Grøntsager og grøntsagsprodukter,0.41,0.19,0.06,0.00,0.06,0.09,0.01
Salat. egeløv,Grøntsager og grøntsagsprodukter,0.41,0.19,0.06,0.00,0.06,0.09,0.01
Bok choy. pak choi eller pok choi,Grøntsager og grøntsagsprodukter,0.26,0.10,0.06,0.00,0.06,0.03,0.01
Savoykål,Grøntsager og grøntsagsprodukter,0.26,0.10,0.06,0.00,0.06,0.03,0.01
Blomkål. dybfrost,Grøntsager og grøntsagsprodukter,0.73,0.34,0.14,0.02,0.06,0.15,0.02
Porre,Grøntsager og grøntsagsprodukter,0.37,0.17,0.10,0.00,0.06,0.03,0.01
Spinat. hakket. dybfrost,Grøntsager og grøntsagsprodukter,0.58,0.26,0.10,0.02,0.06,0.12,0.02
Broccoli. dybfrost,Grøntsager og grøntsagsprodukter,0.73,0.34,0.14,0.02,0.06,0.15,0.02
Voksbønner,Bælgfrugter og bælgfrugtprodukter,0.90,0.34,0.10,0.00,0.14,0.32,0.01
Grønne ærter,Grøntsager og grøntsagsprodukter,1.19,0.62,0.33,0.00,0.06,0.17,0.01
Grønne linser. tørrede,Bælgfrugter og bælgfrugtprodukter,2.46,1.19,0.87,0.00,0.20,0.19,0.01
Kikærter. tørrede,Bælgfrugter og bælgfrugtprodukter,2.94,1.12,1.36,0.00,0.20,0.25,0.01
Grønne bønner. haricot verts,Grøntsager og grøntsagsprodukter,0.90,0.34,0.10,0.00,0.14,0.32,0.01
Bønnespirer. mung,Grøntsager og grøntsagsprodukter,0.90,0.34,0.10,0.00,0.14,0.32,0.01
Bønnespirer,Grøntsager og grøntsagsprodukter,0.90,0.34,0.10,0.00,0.14,0.32,0.01
Sukkerært (mangetout),Grøntsager og grøntsagsprodukter,1.26,0.62,0.32,0.00,0.14,0.17,0.01
Sojabønner. tørrede,Bælgfrugter og bælgfrugtprodukter,1.57,0.52,0.70,0.00,0.20,0.15,0.01
Grønne ærter. dybfrost,Grøntsager og grøntsagsprodukter,1.52,0.77,0.41,0.02,0.06,0.24,0.02
Mineralvand. danskvand. glasflaske,Drikkevarer,0.19,0.00,0.01,0.02,0.13,0.02,0.01
Mineralvand. sodavand. tilsat sukker. uspec.,Drikkevarer,0.56,0.13,0.02,0.14,0.20,0.07,0.01
Æblemost. plastflaske,Drikkevarer,1.63,0.45,0.08,0.60,0.31,0.18,0.01
Sherry. tør,Vin. øl og spiritus,2.68,0.71,0.22,1.01,0.37,0.36,0.01
Likør. kaffe med fløde,Vin. øl og spiritus,3.29,0.93,0.24,1.37,0.37,0.37,0.01
Margarine. 70 %. bordbrug. blød. vegetabilsk fedt,Planteprodukter og -drikke,2.88,0.00,0.20,2.26,0.24,0.18,0.00
Hornfisk,Fisk og skaldyr,3.44,0.22,0.83,2.22,0.14,0.03,0.00
Laks. atlantisk. vild,Fisk og skaldyr,2.98,0.22,0.86,1.74,0.14,0.03,0.00
Makrel,Fisk og skaldyr,2.89,0.22,0.86,1.64,0.14,0.03,0.00
Rødspætte,Fisk og skaldyr,3.59,0.22,0.83,2.38,0.14,0.03,0.00
Sild,Fisk og skaldyr,3.10,0.22,0.85,1.86,0.14,0.03,0.00
Mørksej,Fisk og skaldyr,3.59,0.22,0.83,2.38,0.14,0.03,0.00
Torsk. filet,Fisk og skaldyr,3.59,0.22,0.83,2.38,0.14,0.03,0.00
Rødspætte. filet. paneret. dybfrost,Fisk og skaldyr,2.83,0.25,0.57,1.69,0.26,0.05,0.02
Sej. filet. dybfrost,Fisk og skaldyr,3.51,0.22,0.84,2.27,0.14,0.03,0.02
Tun,Fisk og skaldyr,3.85,0.22,0.81,2.65,0.14,0.03,0.00
Laks. atlantisk. opdræt. koldrøget,Fisk og skaldyr,3.89,0.27,1.09,2.27,0.14,0.11,0.00
Laks. atlantisk. opdræt. varmrøget,Fisk og skaldyr,4.20,0.27,1.10,2.58,0.14,0.11,0.00
Laks. atlantisk. opdræt,Fisk og skaldyr,2.98,0.22,0.86,1.74,0.14,0.03,0.00
Mayonnaise. fedtreduceret,Smagsgivere og krydderier,1.20,0.10,0.04,0.36,0.64,0.05,0.01
Mayonnaise,Smagsgivere og krydderier,3.48,0.12,0.29,2.04,0.64,0.38,0.01
Remoulade. uspec.,Smagsgivere og krydderier,1.85,0.33,0.23,0.74,0.42,0.13,0.01
Østers,Fisk og skaldyr,0.85,0.00,0.01,0.45,0.08,0.31,0.00
Musling,Fisk og skaldyr,0.19,0.00,0.00,0.08,0.08,0.02,0.00
Blæksprutte,Fisk og skaldyr,0.38,0.00,0.01,0.08,0.26,0.02,0.00
Champignon,Svampe og svampeprodukter,0.37,0.06,0.01,0.00,0.26,0.04,0.00
Østershat,Svampe og svampeprodukter,0.37,0.06,0.01,0.00,0.26,0.04,0.00
Mandeldrik. ikke beriget,Planteprodukter og -drikke,0.37,0.17,0.07,-0.02,0.08,0.05,0.01
Risdrik. tilsat calcium,Planteprodukter og -drikke,1.23,0.93,0.10,0.00,0.08,0.11,0.01
Havredrik. tilsat calcium,Planteprodukter og -drikke,0.38,0.07,0.05,0.14,0.08,0.03,0.01
Sojadrik. tilsat calcium,Planteprodukter og -drikke,0.41,0.07,0.10,0.10,0.08,0.05,0.01
Bouillon. hønsekød. spiseklar,Smagsgivere og krydderier,0.35,0.01,0.02,0.15,0.13,0.03,0.01
Kødboller. okse/gris. konserves,Kød og fjerkræ,13.55,10.20,2.61,-0.47,0.63,0.57,0.01
Bouillon. oksekød. spiseklar,Smagsgivere og krydderier,0.51,0.14,0.05,0.15,0.13,0.03,0.01
Kødboller. okse/gris,Kød og fjerkræ,13.55,10.20,2.61,-0.47,0.63,0.57,0.01
Melboller. uspec.,Korn og kornprodukter,1.33,0.25,0.14,0.59,0.26,0.08,0.00
Kødboller. okse/gris. dybfrost,Kød og fjerkræ,13.21,10.20,2.61,-0.45,0.26,0.57,0.02
Tomatsuppe. spiseklar,Færdigretter,1.95,0.81,0.21,0.57,0.22,0.13,0.01
Bouillon. oksekød. koncentreret. terning,Smagsgivere og krydderier,8.40,5.66,1.34,0.66,0.41,0.33,0.01
Melboller. dybfrost,Korn og kornprodukter,1.37,0.25,0.14,0.61,0.26,0.08,0.02
Kylling. grillstegt. færdigret,Færdigretter,4.70,1.67,1.23,0.04,1.18,0.59,0.00
Kylling. nuggets friturestegt. færdigretter,Kød og fjerkræ,4.25,1.65,1.12,0.67,0.26,0.52,0.02
Pizza med tomat og ost. færdigretter,Færdigretter,2.69,0.76,0.24,1.35,0.21,0.13,0.00
Pizza med fisk. tomat og ost. færdigretter,Færdigretter,3.69,0.85,0.72,1.79,0.21,0.12,0.00
Pizza med salami. tomat og ost. færdigretter,Færdigretter,3.08,0.97,0.49,1.25,0.21,0.15,0.00
Pizza med grønt og frugt. tomat og ost. færdigretter,Færdigretter,2.42,0.53,0.20,1.38,0.21,0.11,0.00
Pizza med kød. tomat og ost. færdigretter,Færdigretter,4.33,2.00,0.74,1.11,0.21,0.27,0.00
Pizza med kød og fisk. tomat og ost. færdigretter,Færdigretter,4.01,1.42,0.73,1.45,0.21,0.19,0.00
Kalv og flæsk. hakket. 15-20% fedt,Kød og fjerkræ,18.33,14.53,3.68,-0.80,0.14,0.78,0.00
Gedemælk,Mælk. mejeriprodukter og æg,2.63,1.80,0.26,0.10,0.08,0.39,0.00
Marcipan,Brød og bageartikler,9.98,5.14,3.07,0.10,0.67,0.99,0.01
Sirup,Slik og sukkervarer,1.42,0.65,0.24,0.01,0.42,0.09,0.01
Pasta,Korn og kornprodukter,1.73,0.74,0.25,0.15,0.23,0.36,0.01
Æble,Frugt og frugtprodukter,0.58,0.28,0.06,0.00,0.14,0.10,0.01
Pære,Frugt og frugtprodukter,0.43,0.16,0.07,0.00,0.14,0.04,0.01
Vindrue,Frugt og frugtprodukter,0.80,0.37,0.13,0.00,0.14,0.16,0.01
Grisekød. flæskesteg. nakkekam med svær,Kød og fjerkræ,4.64,2.58,1.54,-0.22,0.14,0.60,0.00
Grisekød. skinke. inderlår. afpudset,Kød og fjerkræ,4.64,2.58,1.54,-0.22,0.14,0.60,0.00
Grisekød. filet. afpudset,Kød og fjerkræ,5.54,3.09,1.85,-0.27,0.14,0.72,0.00
Grisekød. mørbrad. afpudset,Kød og fjerkræ,7.33,4.13,2.47,-0.35,0.14,0.95,0.00
Grisekød. hakket. 5-10% fedt,Kød og fjerkræ,3.71,2.32,1.37,-0.65,0.14,0.53,0.00
Grisekød. nakkefilet. afpudset (Nakkekotelet),Kød og fjerkræ,4.74,2.98,1.76,-0.83,0.14,0.68,0.00
Grisekød. hakket. 15-20% fedt,Kød og fjerkræ,3.75,2.06,1.24,-0.18,0.14,0.49,0.00
Millionbøf. uspec.. færdigretter,Færdigretter,16.27,12.68,2.94,-0.52,0.64,0.52,0.00
Forloren skildpadde. uspec.. færdigretter,Færdigretter,21.74,17.07,3.96,-0.63,0.63,0.71,0.01
Forårsrulle. dybfrost. færdigretter,Færdigretter,2.97,1.19,0.26,0.73,0.64,0.15,0.00
Grisekød i karrysovs. dybfrost. færdigretter,Færdigretter,4.72,2.22,1.35,-0.07,0.64,0.55,0.02
Pizza romana. dybfrost. færdigretter,Færdigretter,2.86,0.96,0.46,1.01,0.21,0.19,0.02
Lever. gris. i flødesovs. dybfrost. færdigretter,Færdigretter,3.11,0.83,0.57,0.84,0.64,0.21,0.02
Pizza napolitana. dybfrost. færdigretter,Færdigretter,2.72,0.76,0.25,1.35,0.21,0.13,0.02
Forårsrulle. friturestegt. færdigretter,Færdigretter,2.97,1.19,0.26,0.73,0.64,0.15,0.00
Pizza med broccoli. dybfrost. færdigretter,Færdigretter,2.45,0.53,0.20,1.38,0.21,0.11,0.02
Pizza med tunfisk. dybfrost. færdigretter,Færdigretter,2.53,0.39,0.25,1.56,0.21,0.10,0.02
Kødrand. dybfrost. færdigretter,Færdigretter,2.26,0.83,0.49,0.07,0.64,0.20,0.02
Kartoffel,Grøntsager og grøntsagsprodukter,0.39,0.21,0.05,0.00,0.06,0.06,0.01
Gulerod,Grøntsager og grøntsagsprodukter,0.26,0.11,0.04,0.00,0.06,0.04,0.01
Radise,Grøntsager og grøntsagsprodukter,0.40,0.15,0.08,0.00,0.14,0.03,0.01
Rødbede,Grøntsager og grøntsagsprodukter,0.32,0.16,0.03,0.00,0.06,0.06,0.01
Selleri. knoldselleri. rod,Grøntsager og grøntsagsprodukter,0.33,0.15,0.08,0.00,0.06,0.03,0.01
Ingefær. rod,Grøntsager og grøntsagsprodukter,1.11,0.49,0.13,0.00,0.14,0.35,0.01
Fennikel. knold,Grøntsager og grøntsagsprodukter,0.33,0.10,0.09,0.00,0.14,0.00,0.01
Majroe,Grøntsager og grøntsagsprodukter,0.26,0.11,0.04,0.00,0.06,0.04,0.01
Løg. hakkede. dybfrost,Grøntsager og grøntsagsprodukter,0.36,0.13,0.06,0.02,0.06,0.06,0.02
Gulerod. dybfrost,Grøntsager og grøntsagsprodukter,0.36,0.14,0.05,0.02,0.06,0.07,0.02
Løg,Grøntsager og grøntsagsprodukter,0.25,0.11,0.05,0.00,0.06,0.03,0.01
Forårsløg,Grøntsager og grøntsagsprodukter,0.70,0.39,0.10,0.00,0.06,0.14,0.01
Kassava. maniok,Grøntsager og grøntsagsprodukter,0.64,0.23,0.13,0.00,0.06,0.21,0.01
Persillerod,Grøntsager og grøntsagsprodukter,0.84,0.38,0.19,0.00,0.06,0.21,0.01
Feta ost 40+,Mælk. mejeriprodukter og æg,2.24,1.72,0.30,-0.46,0.35,0.33,0.00
Danablu ost 50+,Mælk. mejeriprodukter og æg,6.63,2.87,0.61,2.28,0.35,0.53,0.00
Lammekød. kølle,Kød og fjerkræ,32.22,28.08,7.85,-4.61,0.14,0.76,0.00
Lammekød. uspec.,Kød og fjerkræ,32.22,28.08,7.85,-4.61,0.14,0.76,0.00
Krebs,Fisk og skaldyr,2.75,0.52,0.83,0.70,0.26,0.44,0.00
Rejer. dybvands-. kogt. dybfrost,Fisk og skaldyr,8.80,1.58,2.43,4.31,0.26,0.22,0.00
Hummer,Fisk og skaldyr,2.75,0.52,0.83,0.70,0.26,0.44,0.00
Krabbe. kogt,Fisk og skaldyr,4.88,0.30,0.62,3.40,0.08,0.49,0.00
Rejer. sort tiger-. opdræt. kogt. dybfrost,Fisk og skaldyr,10.13,1.98,2.25,5.63,0.08,0.18,0.02
Rejer. dybvands-. kogt. i lage,Fisk og skaldyr,8.80,1.58,2.43,4.31,0.26,0.22,0.00
Pop corn. traditionelle,Korn og kornprodukter,1.49,0.37,0.19,0.60,0.26,0.06,0.01
Peanuts. jordnød. ristet og saltet,Nødder og frø,3.12,0.78,0.97,0.76,0.26,0.35,0.01
Jordbær,Frugt og frugtprodukter,0.57,0.22,0.15,0.00,0.14,0.05,0.01
Hindbær,Frugt og frugtprodukter,1.03,0.50,0.30,0.00,0.14,0.07,0.01
Solbær,Frugt og frugtprodukter,0.69,0.27,0.22,0.00,0.14,0.04,0.01
Blåbær,Frugt og frugtprodukter,1.03,0.47,0.23,0.00,0.14,0.18,0.01
Brombær,Frugt og frugtprodukter,1.17,0.57,0.38,0.00,0.14,0.07,0.01
Hyben,Frugt og frugtprodukter,0.64,0.27,0.09,0.00,0.14,0.13,0.01
Hyldebær,Frugt og frugtprodukter,1.17,0.57,0.38,0.00,0.14,0.07,0.01
Ribs,Frugt og frugtprodukter,0.69,0.27,0.22,0.00,0.14,0.04,0.01
Stikkelsbær,Frugt og frugtprodukter,0.89,0.39,0.24,0.00,0.14,0.12,0.01
Jordbær. dybfrost. usukrede,Frugt og frugtprodukter,0.57,0.07,0.05,0.01,0.06,0.35,0.02
Tranebær,Frugt og frugtprodukter,0.73,0.30,0.09,0.00,0.14,0.19,0.01
Blåbær. frosne. usukrede,Frugt og frugtprodukter,0.91,0.26,0.13,0.06,0.06,0.37,0.02
Hindbær. dybfrost,Frugt og frugtprodukter,1.12,0.32,0.38,0.15,0.06,0.18,0.02
Flødeost. ost 60+,Mælk. mejeriprodukter og æg,6.63,2.87,0.61,2.28,0.35,0.53,0.00
Brie. ost 45+,Mælk. mejeriprodukter og æg,2.24,1.72,0.30,-0.46,0.35,0.33,0.00
Hytteost. ost 20+,Mælk. mejeriprodukter og æg,2.24,1.72,0.30,-0.46,0.35,0.33,0.00
Bulgur. parboiled,Korn og kornprodukter,1.54,0.82,0.29,0.14,0.20,0.09,0.01
Majs. kerner. konserves,Grøntsager og grøntsagsprodukter,0.65,0.10,0.06,0.14,0.31,0.03,0.01
Ris. parboiled,Korn og kornprodukter,4.70,3.47,0.53,0.14,0.20,0.36,0.01
Quinoa. sort,Korn og kornprodukter,3.65,1.55,1.65,0.00,0.20,0.24,0.01
Peber. sort,Smagsgivere og krydderier,4.69,1.08,0.65,0.00,2.72,0.25,0.01
Sennep. gul. færdiglavet,Smagsgivere og krydderier,1.80,0.32,0.30,0.34,0.78,0.05,0.01
Karry. pulver,Smagsgivere og krydderier,5.53,1.62,0.86,0.00,2.72,0.33,0.01
Bitter. Gammel Dansk Bitter Dram,Vin. øl og spiritus,2.51,1.72,0.34,-0.18,0.37,0.25,0.01
Cognac,Vin. øl og spiritus,5.21,1.44,0.38,2.70,0.37,0.32,0.01
Vodka,Vin. øl og spiritus,2.51,1.72,0.34,-0.18,0.37,0.25,0.01
Snaps. 40 % vol.,Vin. øl og spiritus,2.51,1.72,0.34,-0.18,0.37,0.25,0.01
Blomme,Frugt og frugtprodukter,0.76,0.31,0.27,0.00,0.14,0.04,0.01
Kirsebær,Frugt og frugtprodukter,1.01,0.47,0.23,0.00,0.14,0.16,0.01
Kastanje,Nødder og frø,2.04,1.22,0.35,0.00,0.14,0.33,0.01
Sveske. tørret,Frugt og frugtprodukter,2.24,1.28,0.17,0.41,0.04,0.31,0.01
Abrikos. tørret,Frugt og frugtprodukter,2.24,1.28,0.17,0.41,0.04,0.31,0.01
Abrikos,Frugt og frugtprodukter,0.79,0.34,0.15,0.00,0.14,0.15,0.01
Fersken,Frugt og frugtprodukter,0.66,0.29,0.08,0.00,0.14,0.15,0.01
Nektarin,Frugt og frugtprodukter,0.66,0.29,0.08,0.00,0.14,0.15,0.01
Avocado,Frugt og frugtprodukter,1.10,0.55,0.16,0.00,0.14,0.25,0.01
Sukker. stødt melis (saccharose),Slik og sukkervarer,2.41,1.24,0.10,0.41,0.20,0.45,0.01
Sukker. brun farin,Slik og sukkervarer,2.24,1.13,0.10,0.39,0.20,0.41,0.01
Chokolade. lys/mælk,Slik og sukkervarer,5.28,1.47,0.60,2.46,0.38,0.37,0.01
Nougat,Brød og bageartikler,5.63,1.55,1.46,1.52,0.67,0.42,0.01
Tyggegummi. uden sukker. uspec.,Slik og sukkervarer,5.95,0.00,0.27,4.36,1.29,0.02,0.01
Karameller. blandede,Slik og sukkervarer,2.91,0.89,0.20,1.12,0.47,0.24,0.01
Chokolade. mørk,Slik og sukkervarer,6.27,1.93,3.40,0.15,0.49,0.29,0.01
Lakrids. salt,Slik og sukkervarer,2.45,0.88,0.18,0.87,0.26,0.26,0.01
Vingummi,Slik og sukkervarer,2.40,0.91,0.18,0.78,0.26,0.26,0.01
Banan,Frugt og frugtprodukter,0.81,0.36,0.06,0.00,0.14,0.25,0.01
Citron,Frugt og frugtprodukter,0.64,0.25,0.07,0.00,0.14,0.17,0.01
Vandmelon,Frugt og frugtprodukter,0.39,0.19,0.03,0.00,0.00,0.16,0.01
Appelsin,Frugt og frugtprodukter,0.53,0.24,0.06,0.00,0.06,0.16,0.01
Honningmelon,Frugt og frugtprodukter,0.55,0.23,0.06,0.00,0.00,0.26,0.01
Lime,Frugt og frugtprodukter,0.56,0.25,0.07,0.00,0.06,0.17,0.01
Ananas,Frugt og frugtprodukter,0.53,0.22,0.06,0.00,0.00,0.24,0.01
Mango,Frugt og frugtprodukter,0.89,0.35,0.16,0.00,0.14,0.24,0.01
Grapefrugt,Frugt og frugtprodukter,0.72,0.23,0.06,0.00,0.14,0.28,0.01
Mandarin,Frugt og frugtprodukter,0.62,0.24,0.07,0.00,0.14,0.16,0.01
Kiwi,Frugt og frugtprodukter,0.71,0.35,0.07,0.00,0.14,0.14,0.01
Kalkunkød. bryst (filet). kogt/røget. pålæg,Kød og fjerkræ,4.30,2.05,1.46,0.06,0.02,0.71,0.00
Kalkunkød,Kød og fjerkræ,4.66,2.28,1.63,-0.13,0.14,0.74,0.00
Kalkunkød. hakket. 5-10% fedt,Kød og fjerkræ,4.67,2.13,1.54,0.13,0.14,0.73,0.00
Sødmælk. 3.5 % fedt,Mælk. mejeriprodukter og æg,0.65,0.31,0.08,0.10,0.08,0.08,0.00
Letmælk. 1.5 % fedt,Mælk. mejeriprodukter og æg,0.59,0.32,0.08,0.02,0.08,0.08,0.00
Minimælk. 0.5 % fedt,Mælk. mejeriprodukter og æg,0.55,0.34,0.08,-0.03,0.08,0.08,0.00
Kakao. skummetmælk. UHT,Mælk. mejeriprodukter og æg,0.78,0.42,0.18,-0.01,0.08,0.11,0.01
Fløde 38 %. piskefløde,Mælk. mejeriprodukter og æg,2.03,0.11,0.10,1.69,0.08,0.04,0.00
Kalvekød. middelfedt,Kød og fjerkræ,61.04,50.19,11.38,-2.65,0.14,1.98,0.00
Jordnøddesmør,Bælgfrugter og bælgfrugtprodukter,3.48,0.80,1.00,0.89,0.42,0.36,0.01
Solsikkeolie,Planteprodukter og -drikke,3.71,0.00,0.57,2.27,0.56,0.30,0.01
Olivenolie,Planteprodukter og -drikke,4.63,1.67,2.13,-0.11,0.56,0.37,0.01
Rapsolie,Planteprodukter og -drikke,3.80,0.00,0.32,2.44,0.56,0.47,0.01
Løg. ristede,Grøntsager og grøntsagsprodukter,4.42,0.44,0.26,2.56,1.04,0.11,0.01
Kartoffelchips. grove,Grøntsager og grøntsagsprodukter,4.37,0.63,0.18,3.09,0.26,0.21,0.01
Tofu. sojabønneost,Bælgfrugter og bælgfrugtprodukter,1.91,0.29,0.36,0.89,0.26,0.11,0.00
Linsespirer,Grøntsager og grøntsagsprodukter,2.38,1.19,0.86,0.00,0.14,0.19,0.01
Rødkål. konserves. uden tilsat sukker,Grøntsager og grøntsagsprodukter,0.75,0.17,0.08,0.20,0.22,0.07,0.01
Tomatjuice. dåse,Drikkevarer,1.00,0.22,0.04,0.20,0.22,0.30,0.01
Agurk. syltet,Grøntsager og grøntsagsprodukter,2.87,0.89,0.17,0.89,0.64,0.29,0.01
Kartoffelmos. pulver med tørmælk,Grøntsager og grøntsagsprodukter,5.44,1.83,0.41,2.11,0.58,0.50,0.01
Peber. chili. konserves,Grøntsager og grøntsagsprodukter,1.43,0.59,0.08,0.21,0.22,0.32,0.01
Asier. syltede,Grøntsager og grøntsagsprodukter,2.87,0.89,0.17,0.89,0.64,0.29,0.01
Tomat. flået. konserves,Grøntsager og grøntsagsprodukter,1.00,0.22,0.04,0.20,0.22,0.30,0.01
Rødbede. konserves,Grøntsager og grøntsagsprodukter,0.85,0.25,0.05,0.20,0.22,0.11,0.01
Kartoffel. konserves,Grøntsager og grøntsagsprodukter,0.96,0.34,0.07,0.20,0.22,0.12,0.01
Kartoffel. chips (franske kartofler),Grøntsager og grøntsagsprodukter,4.37,0.63,0.18,3.09,0.26,0.21,0.01
Bambusskud. konserves. usaltet,Grøntsager og grøntsagsprodukter,1.30,0.38,0.16,0.24,0.22,0.28,0.01
Champignon. konserves,Svampe og svampeprodukter,0.61,0.08,0.01,0.20,0.22,0.08,0.01
Pommes frites. friturestegt. fastfood,Grøntsager og grøntsagsprodukter,2.93,0.41,0.12,2.01,0.26,0.14,0.00
Tomatpure. koncentreret,Grøntsager og grøntsagsprodukter,2.48,0.73,0.14,0.51,0.78,0.31,0.01
Tomatketchup,Smagsgivere og krydderier,1.90,0.65,0.18,0.57,0.42,0.08,0.01
Baked beans/hvide bønner i tomatsovs. konserves,Bælgfrugter og bælgfrugtprodukter,1.59,0.40,0.24,0.20,0.63,0.12,0.01
Kartoffelmel,Grøntsager og grøntsagsprodukter,1.60,0.82,0.17,0.14,0.20,0.26,0.01
Grønne ærter. konserves,Grøntsager og grøntsagsprodukter,2.23,0.99,0.51,0.20,0.22,0.30,0.01
Soja sauce,Smagsgivere og krydderier,1.64,0.30,0.19,0.23,0.85,0.08,0.01
Sauce. barbeque,Smagsgivere og krydderier,2.09,0.65,0.17,0.71,0.42,0.13,0.01
Hvidvin,Vin. øl og spiritus,1.74,0.44,0.18,0.40,0.41,0.31,0.01
Rosévin,Vin. øl og spiritus,1.74,0.44,0.18,0.40,0.41,0.31,0.01
Rødvin,Vin. øl og spiritus,1.74,0.44,0.18,0.40,0.41,0.31,0.01
Hvidvin. mousserende. champagne,Vin. øl og spiritus,1.74,0.44,0.18,0.40,0.41,0.31,0.01
Bagegær. presset,Brød og bageartikler,1.41,0.00,0.18,1.00,0.20,0.02,0.00
Grisekød. cocktailpølser,Kød og fjerkræ,2.13,1.09,0.64,0.11,0.02,0.26,0.00
Pesto,Smagsgivere og krydderier,4.42,0.69,1.22,1.30,0.64,0.56,0.01
Lasagne. oksekød. færdigretter,Færdigretter,10.17,7.58,1.79,-0.21,0.64,0.37,0.00
Lasagne. vegetarisk. færdigretter,Færdigretter,1.55,0.42,0.17,0.21,0.64,0.11,0.00
Daal. færdigretter,Færdigretter,1.95,0.55,0.36,0.27,0.64,0.13,0.00
Sushi. færdigretter,Færdigretter,2.30,0.76,0.35,0.44,0.64,0.11,0.00
Kylling. hakket,Kød og fjerkræ,5.62,2.81,2.00,-0.20,0.14,0.87,0.00
Pizzadej,Brød og bageartikler,0.88,0.43,0.14,-0.01,0.26,0.06,0.00
Frisk pasta. fettucine spinat,Korn og kornprodukter,1.28,0.60,0.22,0.14,0.23,0.09,0.00
Tunsalat,Smagsgivere og krydderier,2.36,0.10,0.34,1.56,0.24,0.12,0.00
Æggesalat,Smagsgivere og krydderier,1.56,0.29,0.26,0.60,0.24,0.17,0.00
Grisekød. frikadeller,Kød og fjerkræ,3.62,1.82,1.10,-0.01,0.26,0.43,0.02
Hummus. færdig,Bælgfrugter og bælgfrugtprodukter,1.83,0.62,0.77,0.03,0.24,0.17,0.00
Lasagne. vegansk. færdigretter,Færdigretter,1.44,0.32,0.16,0.22,0.64,0.09,0.00
Pandekager. færdigretter,Færdigretter,2.39,0.72,0.32,0.51,0.67,0.16,0.01
Kartoffelgratin / flødekartofler,Grøntsager og grøntsagsprodukter,1.09,0.28,0.09,0.35,0.26,0.11,0.00
Oksekød. kebab,Kød og fjerkræ,44.05,35.97,8.17,-1.81,0.26,1.43,0.02
Iste. icetea. fersken. tetra brik,Drikkevarer,0.87,0.35,0.09,0.07,0.13,0.21,0.01
Energidrik. dåse,Drikkevarer,0.55,0.13,0.02,0.16,0.17,0.07,0.01
Alko-sodavand. 4 % vol.,Vin. øl og spiritus,0.76,0.31,0.06,0.11,0.20,0.07,0.01
Salsa. hot,Smagsgivere og krydderier,1.38,0.26,0.05,0.25,0.64,0.17,0.01
Tortillabrød. hvede,Brød og bageartikler,0.94,0.54,0.19,0.10,0.04,0.07,0.01
Pizzasovs,Grøntsager og grøntsagsprodukter,1.83,0.38,0.08,0.54,0.78,0.03,0.01
Pastasovs,Grøntsager og grøntsagsprodukter,1.83,0.38,0.08,0.54,0.78,0.03,0.01
Kokosmælk,Grøntsager og grøntsagsprodukter,5.44,2.72,1.94,0.24,0.22,0.30,0.01
Hvidløgsbaguette. frost,Brød og bageartikler,1.33,0.46,0.19,0.55,0.04,0.07,0.02
Müslibar. chokolade,Korn og kornprodukter,2.82,0.98,0.41,0.70,0.58,0.14,0.01
Kopnudler. kylling,Færdigretter,1.60,0.71,0.25,0.28,0.26,0.10,0.01
Skivet champignon,Svampe og svampeprodukter,0.31,0.08,0.01,0.00,0.14,0.08,0.00
Mikroovns popcorn,Korn og kornprodukter,1.84,0.33,0.19,0.99,0.26,0.06,0.01
Thai meal panang curry chicken. færdigret,Færdigretter,3.37,1.51,0.86,0.11,0.64,0.25,0.00
Pommes frites. frost,Grøntsager og grøntsagsprodukter,0.75,0.42,0.09,0.02,0.06,0.14,0.02
Æbleskiver,Brød og bageartikler,1.49,0.77,0.25,0.03,0.26,0.17,0.01
Kikærter. konserves,Bælgfrugter og bælgfrugtprodukter,1.00,0.25,0.31,0.14,0.22,0.08,0.01
Grønne bønner. haricots verts. frost,Grøntsager og grøntsagsprodukter,1.72,0.99,0.36,0.03,0.06,0.25,0.02
Tortilla chips. cheese,Korn og kornprodukter,2.27,0.62,0.23,1.06,0.26,0.09,0.01
Aspargessnitter,Grøntsager og grøntsagsprodukter,1.56,0.58,0.32,0.28,0.22,0.16,0.01
Majs. hele kolber,Grøntsager og grøntsagsprodukter,0.82,0.44,0.19,0.00,0.14,0.05,0.01
Rucola salat. skyllet,Grøntsager og grøntsagsprodukter,0.52,0.15,0.08,0.00,0.26,0.03,0.00
Oliven tapenade,Grøntsager og grøntsagsprodukter,2.51,0.64,0.72,0.32,0.64,0.19,0.01
Fyldt frisk pasta,Korn og kornprodukter,1.86,0.73,0.24,0.54,0.23,0.12,0.00
Grisekød. pepperoni,Kød og fjerkræ,5.90,2.51,1.55,1.23,0.02,0.58,0.01
Kidney bønner. konserves,Bælgfrugter og bælgfrugtprodukter,1.10,0.19,0.14,0.47,0.22,0.07,0.01
Kylling. hel,Kød og fjerkræ,3.26,1.52,1.10,-0.03,0.14,0.54,0.00
Grisekød. chorizo. skivet,Kød og fjerkræ,6.17,2.50,1.55,1.19,0.02,0.90,0.00
Kartoffelsalat,Grøntsager og grøntsagsprodukter,1.26,0.25,0.11,0.54,0.24,0.11,0.00
Cider  4.5 % vol.,Vin. øl og spiritus,1.10,0.32,0.05,0.39,0.20,0.14,0.01
Falafel. frost,Planteprodukter og -drikke,1.88,0.41,0.49,0.20,0.64,0.11,0.02
Biksemad. okse. færdigretter,Færdigretter,15.70,11.94,2.74,0.22,0.26,0.51,0.02
Biksemad. blandet kød. færdigretter,Færdigretter,10.89,6.92,1.70,1.59,0.26,0.40,0.02
Grøntsagsbøf,Planteprodukter og -drikke,1.40,0.46,0.26,0.27,0.24,0.15,0.02
Forårsruller. grøntsager. færdigretter,Færdigretter,2.97,1.19,0.26,0.73,0.64,0.15,0.00
Forårsruller. kylling. færdigretter,Færdigretter,2.47,0.54,0.33,0.78,0.64,0.16,0.02
Forårsruller. oksekød. færdigretter,Færdigretter,4.64,2.52,0.67,0.61,0.64,0.17,0.02
Boller i karry med ris og karrysauce. færdigretter,Færdigretter,2.35,0.82,0.42,0.28,0.64,0.17,0.02
Porretærte med bacon. færdigretter,Færdigretter,1.47,0.48,0.24,0.40,0.21,0.12,0.02
Parisertoast. færdigretter,Færdigretter,1.77,1.01,0.36,-0.07,0.26,0.21,0.00
Kapers,Grøntsager og grøntsagsprodukter,0.98,0.10,0.10,0.20,0.22,0.35,0.01
Babymajs,Grøntsager og grøntsagsprodukter,0.65,0.10,0.06,0.14,0.31,0.03,0.01
Sorte bønner. konserves,Bælgfrugter og bælgfrugtprodukter,1.10,0.19,0.14,0.47,0.22,0.07,0.01
Halve ferskner i juice,Frugt og frugtprodukter,1.56,0.53,0.14,0.24,0.22,0.42,0.01
Marinerede artiskokker,Grøntsager og grøntsagsprodukter,3.93,1.42,0.47,0.78,0.64,0.62,0.01
Cornichoner,Grøntsager og grøntsagsprodukter,2.87,0.89,0.17,0.89,0.64,0.29,0.01
Hvidløg i olie,Grøntsager og grøntsagsprodukter,2.62,0.54,0.27,0.86,0.64,0.30,0.01
Halve pærer i juice,Frugt og frugtprodukter,1.16,0.32,0.10,0.23,0.22,0.27,0.01
Marinerede grillede peberfrugter,Grøntsager og grøntsagsprodukter,2.81,0.35,0.29,1.19,0.64,0.34,0.01
Tahin. sesampasta,Smagsgivere og krydderier,5.54,1.55,2.95,0.09,0.64,0.31,0.01
Soltørrede tomater,Grøntsager og grøntsagsprodukter,2.33,1.50,0.25,0.00,0.26,0.32,0.01
Røde linser. tørrede,Bælgfrugter og bælgfrugtprodukter,2.46,1.19,0.87,0.00,0.20,0.19,0.01
Ajvar. relish,Grøntsager og grøntsagsprodukter,2.84,0.97,0.25,0.32,0.64,0.65,0.01
Vegansk bønnepostej,Planteprodukter og -drikke,1.89,0.59,0.41,0.05,0.64,0.19,0.01
Plantepostej. ærteprotein og svamp,Planteprodukter og -drikke,0.82,0.24,0.21,0.02,0.24,0.11,0.00
Chilli cheese tops,Mælk. mejeriprodukter og æg,1.64,1.00,0.24,-0.05,0.24,0.19,0.02
Mozarella sticks,Mælk. mejeriprodukter og æg,2.24,1.72,0.30,-0.46,0.35,0.33,0.00
Chili con carne. færdigretter,Færdigretter,25.05,19.51,4.48,-0.95,1.18,0.83,0.00
Vegansk bolle. sojabaseret,Planteprodukter og -drikke,0.82,0.03,0.16,0.28,0.26,0.07,0.02
Vegansk schnitzel. sojabaseret,Planteprodukter og -drikke,1.95,0.29,0.26,1.00,0.26,0.12,0.02
Vegansk burger. sojabaseret,Planteprodukter og -drikke,0.83,0.05,0.16,0.27,0.26,0.07,0.02
Vegansk fars. plantefars. ærtebaseret,Planteprodukter og -drikke,0.84,0.25,0.24,0.09,0.14,0.12,0.00
Vegansk pølse. sojabaseret,Planteprodukter og -drikke,1.58,0.05,0.16,1.01,0.26,0.08,0.02
Vegansk nugget. sojabaseret,Planteprodukter og -drikke,2.06,0.15,0.24,0.93,0.64,0.07,0.02
Vegansk pulled beans,Planteprodukter og -drikke,2.15,0.01,0.28,1.16,0.64,0.03,0.02
Grisekød. pulled pork,Kød og fjerkræ,4.52,2.14,1.33,-0.11,0.64,0.50,0.00
Oksekød. pulled beef,Kød og fjerkræ,46.07,37.32,8.52,-1.89,0.64,1.48,0.00
Vegansk chorizo,Planteprodukter og -drikke,1.82,0.04,0.22,0.83,0.64,0.06,0.02
Risnudler,Korn og kornprodukter,4.59,3.32,0.51,0.16,0.23,0.36,0.01
Jalapenos,Grøntsager og grøntsagsprodukter,1.43,0.59,0.08,0.21,0.22,0.32,0.01
Taco shells,Korn og kornprodukter,2.19,0.57,0.22,1.05,0.26,0.08,0.01
Mango chutney,Frugt og frugtprodukter,2.85,1.05,0.24,0.47,0.64,0.44,0.01
Grøn karrypasta,Smagsgivere og krydderier,1.98,0.42,0.14,0.41,0.78,0.23,0.01
Nudler. æg,Korn og kornprodukter,1.43,0.72,0.25,0.14,0.23,0.09,0.01
Rispandekager,Korn og kornprodukter,4.21,2.57,0.44,0.26,0.67,0.26,0.01
Vegansk is. havre,Planteprodukter og -drikke,1.98,0.53,0.60,0.18,0.51,0.14,0.02
Vegansk mayo,Smagsgivere og krydderier,2.93,0.11,0.23,1.66,0.64,0.29,0.01
Vegansk svampeburger,Planteprodukter og -drikke,1.44,0.06,0.20,0.47,0.64,0.07,0.00
Vegansk pålæg,Planteprodukter og -drikke,2.73,0.96,0.70,0.53,0.02,0.52,0.00
Vegansk blok,Planteprodukter og -drikke,2.95,0.00,0.20,2.44,0.24,0.08,0.00
Plantemagarine,Planteprodukter og -drikke,2.88,0.00,0.20,2.26,0.24,0.18,0.00
Vegansk bacon,Planteprodukter og -drikke,0.24,0.04,0.20,-0.21,0.14,0.06,0.00
Veganske filetstykker,Planteprodukter og -drikke,1.98,0.01,0.24,1.02,0.64,0.05,0.02
Falafel-fars,Planteprodukter og -drikke,1.83,0.41,0.49,0.18,0.64,0.11,0.00
Ærtedrik,Planteprodukter og -drikke,0.55,0.09,0.06,0.22,0.10,0.07,0.01
Portobello-svamp,Svampe og svampeprodukter,0.26,0.06,0.01,0.00,0.14,0.04,0.01
Madkorn. kamut,Korn og kornprodukter,1.54,0.82,0.29,0.14,0.20,0.09,0.01
Chilisauce,Smagsgivere og krydderier,1.94,0.61,0.12,0.34,0.64,0.23,0.01
Rødløg,Grøntsager og grøntsagsprodukter,0.70,0.39,0.10,0.00,0.06,0.14,0.01
Basilikum. frisk,Grøntsager og grøntsagsprodukter,0.33,0.15,0.08,0.00,0.06,0.03,0.01
Basilikum. tørret,Smagsgivere og krydderier,7.34,0.44,0.28,3.79,2.72,0.11,0.01
Koldskål,Mælk. mejeriprodukter og æg,0.96,0.43,0.10,0.16,0.13,0.13,0.01
Oksekød. lavt fedtindhold,Kød og fjerkræ,43.21,36.63,8.25,-3.23,0.14,1.42,0.00
Grisekød. grillpølser,Kød og fjerkræ,2.13,1.09,0.64,0.11,0.02,0.26,0.00
Æblejuice. plastflaske,Drikkevarer,1.63,0.45,0.08,0.60,0.31,0.18,0.01
Lammekød. hakket,Kød og fjerkræ,30.40,26.60,7.44,-4.50,0.14,0.72,0.00
Burgerbolle,Brød og bageartikler,0.94,0.54,0.19,0.10,0.04,0.07,0.01
Blåskimmelost. ost,Mælk. mejeriprodukter og æg,2.24,1.72,0.30,-0.46,0.35,0.33,0.00
Gedeost. ost,Mælk. mejeriprodukter og æg,2.24,1.72,0.30,-0.46,0.35,0.33,0.00
Vegansk ost. revet eller skiver,Planteprodukter og -drikke,0.92,0.13,0.17,0.22,0.35,0.04,0.01
Samosa. vegetarisk frost,Færdigretter,1.27,0.36,0.17,0.39,0.24,0.09,0.02
Pålægschokolade,Slik og sukkervarer,5.28,1.47,0.60,2.46,0.38,0.37,0.01
Nutella. nøddecreme,Slik og sukkervarer,4.83,1.49,1.27,1.26,0.42,0.39,0.01
Smoothie. jordbær/blåbær,Drikkevarer,1.74,0.73,0.17,0.10,0.31,0.42,0.00
Grisekød. gennemsnitligt,Kød og fjerkræ,4.70,2.61,1.56,-0.22,0.14,0.61,0.00
Kyllingekød. gennemsnitligt,Kød og fjerkræ,3.26,1.52,1.10,-0.03,0.14,0.54,0.00
Oksekød. gennemsnitligt,Kød og fjerkræ,61.04,50.19,11.38,-2.65,0.14,1.98,0.00
